cpgID,cpg_chrPos,SNPID,SNP_chrPos,DNAm_1-1,DNAm_2-1,DNAm_3-1,DNAm_4-1,DNAm_5-1,DNAm_6-1,DNAm_7-1,DNAm_8-1,DNAm_9-1,DNAm_10-1,geno_1-1,geno_2-1,geno_3-1,geno_4-1,geno_5-1,geno_6-1,geno_7-1,geno_8-1,geno_9-1,geno_10-1,geno_M1,geno_M2,geno_M3,geno_M4,geno_M5,geno_M6,geno_M7,geno_M8,geno_M9,geno_M10,matEsc_1-1,matEsc_2-1,matEsc_3-1,matEsc_4-1,matEsc_5-1,matEsc_6-1,matEsc_7-1,matEsc_8-1,matEsc_9-1,matEsc_10-1,matDep_1-1,matDep_2-1,matDep_3-1,matDep_4-1,matDep_5-1,matDep_6-1,matDep_7-1,matDep_8-1,matDep_9-1,matDep_10-1
cg1,chr9:161200,3108,chr13:193,0.589,0.926,0.799,0.862,0.928,0.405,0.055,0.265,0.369,0.474,AA,CC,CA,AC,AC,AC,AC,CA,AC,CA,AC,CC,CA,AA,AC,AC,AA,AA,CC,CC,0,0,0,0,1,1,1,0,0,1,0,1,1,0,0,1,1,1,1,1
cg2,chr5:119697,586216,chr2:875987,0.49,0.12,0.27,0.396,0.983,0.787,0.157,0.323,0.545,0.846,TG,GT,GG,GT,TG,TG,GG,TT,GT,TG,TT,GG,GT,TT,GT,GT,TT,GT,TT,TT,1,0,1,1,1,1,0,1,1,0,1,1,1,0,1,1,0,1,0,0
cg3,chr12:281085,841655,chr21:958402,0.886,0.133,0.808,0.647,0.528,0.47,0.102,0.599,0.97,0.083,GC,GG,GG,CG,GG,GG,GC,GC,GG,CC,GC,CC,GG,CG,CG,GG,GG,CG,GC,GC,0,0,1,1,1,1,0,1,1,1,1,0,1,0,0,1,0,1,0,0
cg4,chr22:779311,266700,chr13:244910,0.842,0.636,0.241,0.379,0.951,0.45,0.74,0.296,0.589,0.143,AT,AA,TA,TA,AA,AA,AT,AT,TA,AA,AA,AT,TT,AT,TA,AT,AA,TT,AT,AA,1,1,0,0,1,0,0,0,0,1,1,1,1,0,1,1,0,0,1,1
cg5,chr2:266836,835218,chr14:19515,0.086,0.628,0.333,0.054,0.94,0.874,0.614,0.415,0.248,0.916,GA,GG,GA,AG,GG,GA,GA,AA,GA,GG,AA,AG,GG,GG,AA,AG,AA,AA,AA,GG,1,1,0,1,1,0,1,0,1,1,0,0,0,0,0,0,0,0,1,0
cg6,chr1:855245,317533,chr18:906414,0.557,0.986,0.143,0.467,0.196,0.248,0.117,0.832,0.549,0.858,AA,CC,AC,AC,CA,CA,AA,AC,CA,CA,AA,AA,CC,CA,CA,AA,CC,CA,CA,AC,0,0,0,0,1,0,1,0,1,1,1,0,0,0,1,0,1,0,1,1
cg7,chr10:720480,265012,chr7:118257,0.74,0.905,0.674,0.46,0.421,0.193,0.196,0.678,0.476,0.495,AC,CA,AA,CC,AA,CC,CA,AA,CC,AA,CC,CC,AA,AA,AA,CA,AA,CC,AA,CC,0,1,1,1,1,1,0,0,1,1,1,0,0,0,0,1,0,0,1,1
cg8,chr6:65219,484405,chr6:658158,0.45,0.408,0.936,0.205,0.617,0.465,0.023,0.198,0.903,0.946,AT,AT,TT,TA,AT,TA,TA,AA,TT,TA,AT,TT,AT,AT,AA,TT,TT,TA,AA,TA,0,0,0,1,1,0,0,0,1,0,0,0,0,1,0,1,0,1,0,1
cg9,chr9:917432,979126,chr2:538659,0.068,0.912,0.828,0.639,0.528,0.704,0.018,0.477,0.077,0.636,TC,TT,CT,CC,CC,CC,TC,TT,TC,TC,TC,TT,TT,TC,CC,TC,CT,TT,CC,CT,1,1,0,1,1,1,1,0,0,1,1,0,1,0,1,0,1,1,1,1
cg10,chr22:748065,499302,chr1:501430,0.033,0.1,0.899,0.241,0.837,0.88,0.234,0.404,0.953,0.334,TG,GT,GT,GG,TG,TT,TT,TG,TT,TT,TG,TG,TG,GG,TT,TT,TT,GG,TG,TT,1,0,0,1,1,1,1,1,1,0,0,1,0,0,1,1,0,0,0,0
cg11,chr7:965971,637009,chr6:955042,0.924,0.404,0.452,0.252,0.66,0.47,0.564,0.515,0.668,0.639,TA,TA,AT,TT,TA,AT,TT,AA,AA,AT,AT,AT,AT,AT,AT,TT,TT,AT,AA,TT,0,0,0,1,1,1,0,0,1,1,1,0,0,1,1,0,1,1,0,0
cg12,chr17:177385,198969,chr22:175349,0.87,0.625,0.61,0.629,0.581,0.995,0.06,0.487,0.264,0.915,GG,CC,CG,GG,CG,GC,GC,GG,CG,CG,CC,GC,GC,GC,CG,CG,CC,GG,CC,GG,1,0,0,1,1,1,0,1,1,1,1,1,1,0,1,1,0,0,1,0
cg13,chr15:319250,545453,chr20:666808,0.826,0.346,0.777,0.069,0.593,0.14,0.63,0.504,0.956,0.442,GC,GC,GG,GG,GG,CC,GG,CC,GC,GG,GG,CG,GG,CC,CC,GC,CG,GC,GC,CC,0,1,1,0,1,1,0,0,1,0,0,1,1,1,1,1,1,1,0,1
cg14,chr2:768956,575336,chr21:952537,0.34,0.909,0.227,0.31,0.032,0.682,0.974,0.047,0.072,0.747,CC,CC,GG,GG,CC,GC,GG,CG,CC,GC,GG,CC,GC,GC,GG,CG,GG,GG,GG,CG,1,0,1,0,1,1,0,1,0,1,0,0,0,1,0,0,1,0,1,0
cg15,chr13:14940,671632,chr12:4485,0.265,0.304,0.911,0.363,0.979,0.183,0.628,0.761,0.763,0.59,AG,AA,GG,GA,GG,GA,GA,AA,GG,AG,GA,GG,GG,GA,GG,GA,GA,AG,GA,AA,0,0,0,1,1,0,1,0,0,1,0,0,0,0,0,0,1,0,1,1
cg16,chr18:904571,925814,chr22:273427,0.26,0.288,0.052,0.876,0.704,0.512,0.771,0.356,0.142,0.421,CA,AA,CA,CA,AA,CA,CC,CC,CA,AC,AC,CC,AC,AA,CC,AA,AA,AA,CA,AC,1,0,0,0,0,1,1,1,0,0,1,0,1,0,0,1,1,0,1,1
cg17,chr2:772427,914852,chr19:767582,0.412,0.704,0.887,0.283,0.947,0.612,0.489,0.751,0.988,0.109,TG,TT,TT,TT,GG,TT,TT,GG,GT,TT,GG,TG,GG,GG,GT,TT,TG,TG,TT,GT,0,0,1,0,1,1,1,0,0,1,0,1,1,0,0,0,1,0,1,1
cg18,chr10:932232,548472,chr17:899477,0.011,0.109,0.591,0.953,0.434,0.537,0.828,0.818,0.014,0.352,GT,GT,GT,TT,TT,GG,GG,GT,TT,TT,GT,TG,GT,GG,GT,GG,TG,TT,GG,GG,0,0,1,0,0,1,0,1,0,1,1,0,0,0,1,1,1,1,0,0
cg19,chr9:140855,338193,chr15:783767,0.251,0.942,0.942,0.092,0.391,0.321,0.847,0.247,0.982,0.297,AC,AA,AC,AC,AA,AA,CC,CC,AC,AC,CA,AC,CC,AC,AA,CA,AA,AA,CA,AC,0,1,0,0,0,0,1,0,1,0,0,0,0,1,1,1,0,1,1,0
cg20,chr13:534995,92326,chr17:845364,0.926,0.954,0.994,0.049,0.481,0.175,0.37,0.867,0.626,0.228,AG,GG,GG,AG,AG,AA,GG,AG,AA,GA,GG,AA,GG,AA,GA,AA,AG,AA,AG,AA,1,0,1,1,0,0,1,0,1,0,1,0,0,0,1,1,0,0,1,0
cg21,chr13:492511,147182,chr5:35563,0.206,0.942,0.375,0.066,0.995,0.076,0.819,0.678,0.36,0.669,CC,AC,CA,AC,AA,AA,CC,CA,CC,CA,AA,CC,CC,AC,CA,CC,CC,CA,AA,CC,1,1,1,1,1,0,0,0,0,1,1,1,0,0,1,0,1,0,1,0
cg22,chr1:197782,105472,chr21:90841,0.292,0.834,0.533,0.11,0.478,0.21,0.917,0.351,0.349,0.735,TT,GG,GT,TT,TT,GT,TG,TT,GG,TG,GG,GT,TG,GG,TT,TT,TG,TT,GG,GG,0,0,1,1,1,0,1,1,0,1,1,0,1,1,1,0,0,0,0,1
cg23,chr14:648697,102320,chr13:418387,0.921,0.408,0.738,0.632,0.977,0.669,0.293,0.952,0.265,0.566,GG,GG,GG,GG,GG,GG,GG,AG,AA,AG,AA,GG,AG,AA,GG,GG,GA,GA,GG,AG,0,1,1,1,1,1,0,0,0,1,0,0,1,0,1,0,0,0,0,0
cg24,chr8:486980,285583,chr1:194185,0.381,0.546,0.137,0.328,0.282,0.232,0.73,0.736,0.899,0.207,AA,AA,AG,AA,GG,GG,GG,GA,AA,GA,AG,AA,AA,AG,AG,GG,AA,AG,GG,AA,1,0,0,1,0,1,0,1,0,0,0,0,1,0,0,0,1,1,0,1
cg25,chr13:480581,851525,chr4:518867,0.451,0.793,0.055,0.969,0.431,0.53,0.82,0.258,0.993,0.121,TT,TG,TT,TG,TT,TG,GT,TG,TG,TT,GG,TT,GG,GG,TT,TT,TG,TT,GT,TG,1,0,0,1,0,0,1,1,0,0,0,1,1,0,0,1,0,1,1,0
cg26,chr22:669668,365796,chr20:447269,0.632,0.319,0.703,0.072,0.416,0.052,0.974,0.309,0.86,0.831,TG,GT,TG,GT,TG,TT,TT,TT,TG,GG,TT,TG,TT,TG,GT,GG,TG,TT,GG,GG,0,1,1,0,0,1,0,1,1,0,1,1,0,1,0,1,0,1,0,1
cg27,chr5:276597,272836,chr11:546761,0.619,0.168,0.333,0.066,0.806,0.61,0.926,0.707,0.274,0.438,CT,CC,CC,CT,TC,TT,TC,TT,TC,CC,TT,TC,TC,TT,CT,TT,TC,CT,CT,TC,1,1,1,1,0,0,1,0,0,0,0,0,0,1,1,0,0,0,1,1
cg28,chr4:635852,506669,chr5:438374,0.093,0.118,0.824,0.526,0.816,0.434,0.231,0.175,0.271,0.695,GG,GA,GA,AG,GA,GG,AA,GG,AA,AA,AA,GA,AG,GA,GA,AG,GA,AA,GA,AG,0,0,1,0,0,0,1,0,1,1,0,0,1,0,1,1,0,1,0,1
cg29,chr19:982302,302858,chr21:146548,0.703,0.989,0.691,0.288,0.033,0.001,0.737,0.103,0.915,0.806,TT,TT,TA,TA,AT,TA,TA,TA,AA,TT,AT,TT,AA,TT,TT,TT,AT,TT,AA,TA,0,1,0,0,0,1,0,0,1,0,1,1,1,0,1,1,1,0,0,0
cg30,chr15:237375,57053,chr4:310525,0.64,0.562,0.883,0.098,0.913,0.393,0.206,0.08,0.768,0.71,CT,TT,TT,CC,CC,CC,TC,TC,CC,TC,TT,TT,TT,TT,TC,TT,CC,TT,TT,CT,1,1,1,0,1,1,0,1,0,0,0,1,1,0,1,1,0,0,0,0
cg31,chr7:732514,510017,chr15:160371,0.199,0.802,0.569,0.29,0.405,0.142,0.113,0.57,0.054,0.256,CT,CT,CC,CT,CC,TT,TC,CT,CC,CC,TC,TC,CT,TC,TC,CC,TT,CT,CT,CC,1,1,0,0,0,0,0,0,0,0,0,1,1,1,0,1,1,1,0,0
cg32,chr1:448553,866486,chr21:22139,0.309,0.886,0.545,0.253,0.12,0.805,0.327,0.308,0.146,0.854,AC,AC,CA,CC,AC,AA,AA,CC,CA,AC,AC,CC,CA,CA,CA,CC,AC,AA,AA,CA,0,0,1,0,0,1,1,1,1,0,1,0,0,0,0,0,1,1,0,0
cg33,chr2:260069,914185,chr8:561509,0.022,0.142,0.139,0.407,0.947,0.58,0.045,0.155,0.47,0.055,AA,TA,TT,AA,TA,TA,TA,AT,TT,TT,AA,AT,AT,TT,AA,TA,TA,AT,TA,TA,0,0,0,0,1,0,1,1,1,0,0,0,1,1,0,0,0,1,1,0
cg34,chr10:124553,372177,chr18:762120,0.814,0.416,0.42,0.555,0.577,0.509,0.752,0.619,0.129,0.095,GG,CC,CG,CC,CC,CC,GC,GC,CG,GC,GC,CG,CG,GG,GG,CC,GG,GG,CC,CG,1,0,0,1,1,1,0,1,1,0,1,1,1,0,1,1,1,0,0,0
cg35,chr19:207245,876671,chr17:680457,0.56,0.426,0.569,0.202,0.056,0.288,0.472,0.935,0.331,0.519,GC,CC,CG,GG,CC,GG,CC,GC,CG,GG,GG,CC,GC,GC,GC,GG,GG,CC,CG,CG,0,1,0,1,0,1,0,0,1,0,1,0,1,1,0,0,0,0,0,1
cg36,chr2:122636,869872,chr4:846481,0.51,0.112,0.734,0.477,0.833,0.477,0.156,0.749,0.559,0.914,GC,GC,GC,GC,GC,CG,CC,GC,CG,CG,CG,CC,CG,GG,CG,GC,GG,GC,GC,GG,1,0,0,1,0,1,0,1,0,0,0,0,0,0,1,0,1,1,0,0
cg37,chr19:455073,191587,chr10:617856,0.483,0.276,0.542,0.803,0.156,0.965,0.444,0.265,0.685,0.561,GG,GC,CG,CG,GC,GC,GG,CC,GG,CC,GC,GG,GG,GG,GG,GG,CC,GG,CG,GG,0,1,0,0,1,0,1,1,0,0,1,1,1,0,1,1,1,1,0,1
cg38,chr16:140067,983589,chr9:360495,0.655,0.604,0.874,0.506,0.979,0.102,0.557,0.84,0.87,0.204,GC,CG,CC,CC,CC,CC,CG,CG,CG,CC,GC,CG,CC,GG,GC,GG,GC,GC,GC,GC,1,0,1,0,1,0,1,1,1,0,1,0,1,0,1,1,1,1,0,0
cg39,chr7:382498,158096,chr18:925963,0.895,0.113,0.151,0.917,0.655,0.29,0.83,0.026,0.742,0.694,GC,GC,GG,GG,GG,GC,GG,CC,GG,GG,GG,GG,GC,GG,CG,CG,GC,CC,CC,GG,0,1,0,1,1,1,1,0,1,1,0,1,0,1,1,0,1,0,0,0
cg40,chr9:724119,836918,chr7:647018,0.673,0.302,0.105,0.755,0.075,0.742,0.852,0.311,0.051,0.786,TC,TC,TT,CT,TT,TC,TT,TT,CT,CC,CT,CC,CT,TT,TT,TT,CT,CC,TT,CT,0,0,1,1,0,0,1,0,1,1,1,1,0,1,0,0,1,0,0,1
cg41,chr8:229148,443885,chr18:788744,0.102,0.149,0.064,0.727,0.771,0.491,0.073,0.392,0.746,0.649,CT,TC,CC,TT,TC,TC,CC,CT,CC,CC,TC,TC,TC,CC,CC,TC,TC,CT,TT,CT,1,0,0,0,1,1,0,0,0,0,0,1,1,0,1,0,0,0,0,0
cg42,chr1:227959,742440,chr8:37232,0.423,0.847,0.343,0.279,0.983,0.681,0.046,0.152,0.485,0.931,TT,AA,TA,TA,TT,AT,TT,TT,AA,TT,TT,TT,TT,TT,TA,AA,AA,AA,TT,TT,1,0,1,1,1,0,0,1,0,1,1,1,0,1,1,0,0,0,1,1
cg43,chr13:298762,61642,chr7:898822,0.518,0.858,0.288,0.171,0.913,0.506,0.603,0.472,0.298,0.006,AG,GG,AA,AG,AG,GG,GA,GA,GA,GA,AG,GG,GA,GG,GG,AG,AG,AG,AA,AG,1,1,0,1,1,0,0,0,0,1,0,0,1,0,0,1,1,0,1,0
cg44,chr2:703420,891174,chr9:722893,0.302,0.833,0.591,0.961,0.168,0.116,0.829,0.358,0.236,0.452,TA,TT,TA,TA,TT,TA,TT,TT,AT,TT,TA,TT,TT,TA,AA,AA,AT,TT,AA,AA,0,0,0,0,0,0,0,1,0,1,1,1,0,1,1,0,1,1,1,0
cg45,chr11:171207,285341,chr15:728650,0.488,0.622,0.589,0.052,0.233,0.149,0.242,0.649,0.929,0.408,CC,CC,AC,AC,CC,AA,AA,CA,CA,AA,CC,CC,AA,CC,AA,AA,AC,CC,CC,CA,0,0,0,1,0,1,0,1,0,1,1,0,0,1,1,0,0,0,1,1
cg46,chr22:203753,674320,chr5:612274,0.683,0.918,0.601,0.723,0.121,0.884,0.394,0.529,0.185,0.38,AT,TT,AA,AA,TA,TT,AT,AT,AA,TT,TA,TT,AT,TT,AT,TT,TA,AA,TT,AT,0,0,0,0,1,1,1,1,0,0,0,0,0,1,0,1,1,1,0,0
cg47,chr1:422814,377966,chr22:570909,0.741,0.045,0.144,0.879,0.948,0.33,0.189,0.214,0.196,0.128,TT,AA,TA,TT,TA,AA,AT,AA,AT,AT,TA,TA,TT,AT,AT,TA,TA,AA,TA,TT,1,0,1,1,1,0,1,1,1,0,1,1,0,0,1,1,1,0,1,0
cg48,chr22:981525,454734,chr17:980351,0.589,0.068,0.261,0.371,0.287,0.399,0.265,0.528,0.052,0.499,GG,GG,GC,CC,CC,CC,CG,CG,CC,CG,CC,CC,CC,GG,CC,GG,CC,GC,CC,GG,0,0,0,1,1,0,1,1,1,0,0,0,0,0,0,1,1,0,1,0
cg49,chr3:696381,615898,chr19:938954,0.659,0.719,0.485,0.466,0.631,0.722,0.503,0.205,0.057,0.867,GG,TT,GG,TG,TT,GG,TG,GG,TT,TG,TG,TT,TT,TT,GT,TG,GT,TT,TG,GG,1,0,1,0,1,0,1,0,0,1,1,1,0,0,0,0,1,0,1,1
cg50,chr8:523276,692208,chr8:806345,0.219,0.009,0.44,0.394,0.574,0.225,0.115,0.637,0.998,0.495,TG,TT,TG,GT,TT,GG,GT,TT,GT,GT,GG,TG,TT,TG,GT,TT,TT,TT,GG,TT,0,0,0,0,1,0,1,1,1,0,1,1,1,1,1,0,1,0,0,0
cg51,chr17:35740,392405,chr15:755741,0.19,0.544,0.641,0.133,0.212,0.981,0.607,0.969,0.894,0.556,GG,CG,CC,CG,CC,CC,CG,GC,CC,GC,CC,GC,GC,GC,GG,CG,GC,GG,CG,GC,1,0,0,1,0,0,0,0,1,1,1,1,0,0,0,1,1,1,0,0
cg52,chr2:446741,856002,chr19:451708,0.373,0.9,0.849,0.568,0.27,0.784,0.82,0.663,0.577,0.776,CC,AC,AC,CA,CC,CA,CA,CC,AA,CA,CA,AA,CA,AC,AC,CA,AA,CA,AC,AC,1,1,1,0,0,0,0,1,1,0,0,0,0,1,0,1,1,0,1,1
cg53,chr9:46308,866632,chr1:672665,0.643,0.101,0.842,0.797,0.448,0.696,0.752,0.034,0.449,0.619,TC,TT,TT,CC,CC,TT,CT,TT,CT,CT,CT,TT,CT,TT,TC,TT,CC,TC,CT,CC,1,1,1,0,1,1,0,0,0,1,0,0,0,0,1,1,1,0,0,0
cg54,chr20:817913,672631,chr5:748444,0.391,0.14,0.903,0.73,0.218,0.408,0.305,0.01,0.251,0.398,CC,AA,AC,CC,AC,CA,CA,AA,AA,AA,CC,AA,AA,AA,AC,AC,AA,AA,CC,CA,1,1,1,0,1,1,0,1,1,0,1,0,0,1,1,1,0,1,1,0
cg55,chr15:466335,198169,chr20:557739,0.677,0.764,0.292,0.926,0.016,0.29,0.451,0.234,0.915,0.642,GG,GG,TT,GT,TT,GG,GT,GG,GT,TG,GT,GG,GT,GT,TG,GG,TG,GG,GT,TG,1,0,0,1,0,1,0,1,1,1,0,0,1,0,1,0,1,0,0,0
cg56,chr12:716807,283193,chr2:842162,0.538,0.077,0.824,0.28,0.1,0.446,0.6,0.545,0.543,0.326,TC,TC,CC,CT,CC,CT,CC,TC,CT,CC,CT,CT,CC,CT,TT,CC,TC,TC,CC,TC,0,0,0,0,1,0,0,1,0,1,1,1,1,1,0,1,0,0,1,1
cg57,chr18:45659,20893,chr20:195149,0.744,0.658,0.647,0.159,0.815,0.466,0.793,0.818,0.838,0.965,GG,GG,AG,AA,AG,GA,AA,AA,GG,GG,AG,AG,GG,GG,GA,AA,AA,GA,AG,AG,0,0,1,1,0,1,0,0,1,1,0,0,0,1,1,0,0,0,1,1
cg58,chr8:653345,622371,chr13:350724,0.033,0.315,0.365,0.623,0.445,0.817,0.216,0.736,0.313,0.325,TT,TA,AT,TA,AA,TT,TA,AA,TT,AT,TT,TT,AT,AA,TA,TA,AT,TA,AA,AT,0,1,0,0,1,0,1,1,0,0,1,1,1,1,0,0,1,1,0,1
cg59,chr4:877240,474109,chr16:116768,0.644,0.179,0.975,0.954,0.536,0.268,0.778,0.201,0.362,0.583,GC,CC,CG,CC,CG,GG,GG,CG,GC,CC,GC,GC,CG,GC,GG,GG,CG,CG,CG,GC,0,1,0,1,0,1,0,0,1,1,0,1,0,0,0,1,0,1,0,0
cg60,chr1:681740,553258,chr8:285304,0.916,0.256,0.273,0.788,0.859,0.056,0.249,0.321,0.632,0.268,TT,TA,AT,TA,TT,AA,TT,AA,TT,TT,TT,AA,TA,AA,TT,AA,TA,TA,TT,AA,0,0,0,1,1,0,1,1,0,1,0,1,0,0,0,1,1,0,1,0
cg61,chr3:490429,721112,chr9:174941,0.288,0.788,0.11,0.573,0.858,0.856,0.846,0.951,0.989,0.281,AT,AT,AT,TA,TA,TA,TA,TA,AA,AA,AA,TT,TA,AT,AA,AA,TA,TA,TA,TA,1,1,0,1,0,1,0,1,0,0,1,0,0,1,1,1,0,0,1,1
cg62,chr22:478748,220483,chr8:439284,0.048,0.053,0.308,0.232,0.382,0.883,0.49,0.43,0.426,0.709,TT,TT,CC,CC,TC,TT,CC,CC,TT,CC,TT,CC,TT,TC,CT,TT,TC,CC,CT,TT,1,0,0,0,1,0,1,1,0,0,0,0,1,1,0,1,1,0,0,1
cg63,chr18:27887,264672,chr16:376852,0.877,0.996,0.111,0.034,0.259,0.938,0.135,0.723,0.214,0.188,TT,CC,TT,CC,CC,CT,CT,TC,CT,CT,TT,CT,TC,TT,TC,TC,TT,TC,TC,TC,0,0,1,1,0,1,1,0,0,1,1,1,1,1,0,0,0,1,0,0
cg64,chr21:276973,908786,chr6:465971,0.645,0.01,0.086,0.233,0.877,0.25,0.162,0.033,0.779,0.007,AA,AC,AC,AC,AC,CA,AA,CA,CC,CC,AC,AA,AA,CA,AC,AA,CC,CC,CC,AC,0,1,0,1,1,1,1,0,0,1,0,1,0,0,1,0,0,0,0,0
cg65,chr12:828245,261425,chr1:66679,0.628,0.167,0.955,0.836,0.319,0.457,0.114,0.741,0.361,0.509,GG,GG,TT,GT,TT,GT,TG,TG,GG,TT,TG,TT,GT,TG,TT,TT,GG,GT,GT,TT,1,0,0,0,1,1,0,0,1,0,1,0,0,0,0,1,1,0,0,1
cg66,chr7:963160,668938,chr5:86228,0.846,0.76,0.922,0.017,0.781,0.234,0.734,0.558,0.449,0.955,TA,TA,TA,AT,TT,AA,TA,TT,AT,AT,AA,TT,AT,AA,AT,TT,TT,TT,AA,TT,1,0,0,0,0,0,1,0,1,0,1,0,1,0,1,0,1,0,0,1
cg67,chr9:860501,728778,chr1:389914,0.659,0.503,0.734,0.895,0.78,0.908,0.221,0.704,0.577,0.756,TC,CT,CT,TT,TT,TC,TC,TC,CC,TT,CC,CT,CT,TT,TC,CC,CT,TT,CC,CC,0,1,1,1,1,0,1,0,0,0,1,0,1,1,1,0,0,0,1,1
cg68,chr21:363963,159670,chr7:355800,0.973,0.362,0.343,0.676,0.381,0.265,0.561,0.85,0.832,0.343,CC,TC,CT,CC,TT,CT,CT,TT,TT,CC,TC,CC,TT,CT,CT,TT,TT,TT,CT,CT,1,1,1,0,1,0,1,0,1,0,0,1,0,0,1,1,1,1,0,0
cg69,chr17:355182,501370,chr11:942463,0.015,0.191,0.653,0.298,0.441,0.99,0.024,0.331,0.549,0.644,TG,TG,GT,TG,TT,GT,GT,TT,TT,GG,GT,GG,TT,TT,GG,TT,GG,TT,TT,TG,1,0,1,0,1,1,1,1,1,1,0,0,0,0,1,1,0,0,1,0
cg70,chr3:231153,744259,chr4:890424,0.9,0.427,0.437,0.164,0.97,0.646,0.416,0.803,0.792,0.875,GG,CG,CC,GG,GC,CG,GC,CC,CC,GG,CG,CG,GG,CG,CC,GC,GG,GG,CC,CG,0,1,1,0,1,0,1,0,1,0,1,0,0,0,1,1,0,0,1,0
cg71,chr3:169014,532576,chr3:196040,0.241,0.952,0.029,0.86,0.067,0.196,0.454,0.502,0.25,0.821,CC,AC,AC,CA,AC,AA,AA,CC,CA,AA,AA,CC,CA,CC,AC,AA,CC,CA,AA,CC,0,1,1,1,0,0,1,1,1,1,1,1,0,1,1,1,1,0,0,1
cg72,chr16:254507,170790,chr18:500015,0.44,0.296,0.226,0.648,0.449,0.685,0.958,0.298,0.188,0.697,AT,TA,TA,AA,TT,TT,TA,AA,AT,TT,TT,TA,TT,TT,AA,AA,TT,AT,AA,TT,0,0,1,1,1,1,0,0,1,0,0,1,0,0,1,1,1,0,1,0
cg73,chr10:439910,558415,chr7:152022,0.565,0.169,0.788,0.692,0.278,0.512,0.726,0.641,0.433,0.533,CA,AA,CC,CC,CA,AC,CC,CC,CA,AC,CA,CC,AA,AA,CA,AC,CC,AC,CA,AA,0,0,0,0,1,0,1,0,1,1,0,1,0,0,0,1,0,0,1,1
cg74,chr15:44763,146159,chr18:936749,0.621,0.08,0.063,0.109,0.356,0.962,0.588,0.822,0.507,0.45,CC,AA,AA,AC,CA,AC,AA,AC,AC,CA,AA,AA,AA,CC,AA,AC,CA,AA,CC,AC,1,0,1,1,1,0,0,1,1,1,0,0,1,1,1,0,1,1,0,0
cg75,chr2:749227,74602,chr19:771529,0.464,0.952,0.53,0.343,0.864,0.856,0.955,0.796,0.494,0.035,CG,GG,CG,CG,GG,GC,CG,GC,GC,GC,CC,GC,GC,GG,CC,CC,CG,CC,CC,CC,0,0,1,1,1,1,1,1,1,1,0,0,1,1,0,0,1,0,0,0
cg76,chr10:639375,395841,chr22:375169,0.136,0.994,0.868,0.739,0.673,0.192,0.57,0.797,0.627,0.516,TT,AT,TT,TT,TA,TT,AA,AA,TT,AA,AT,AA,TT,AT,TA,AA,TT,TT,AA,AT,0,1,1,1,0,1,1,1,0,0,1,0,0,1,0,0,0,1,0,1
cg77,chr21:338579,312557,chr19:603546,0.217,0.041,0.538,0.847,0.845,0.805,0.045,0.547,0.364,0.184,AG,AA,AG,GA,GA,GG,GA,AA,GG,GG,GA,AG,AG,AG,AG,AG,AA,GA,AA,AG,1,1,1,0,1,0,0,0,1,1,0,1,0,1,1,0,0,1,1,1
cg78,chr9:682350,904146,chr7:124933,0.383,0.614,0.356,0.567,0.079,0.806,0.901,0.677,0.876,0.103,CC,GG,CC,GC,GC,GC,CG,GC,CC,GG,CG,GG,GG,GG,CC,GC,CC,GC,CC,GG,1,0,1,1,1,1,1,0,0,0,0,1,0,1,1,0,1,0,0,1
cg79,chr20:983673,632904,chr21:88956,0.367,0.978,0.714,0.639,0.723,0.181,0.275,0.751,0.097,0.701,CT,CT,TC,TC,CT,TC,CC,CC,TT,CT,CC,TC,CT,CT,TT,CC,CT,TT,CC,TC,1,0,1,1,1,1,1,0,1,1,0,1,1,1,1,1,1,1,0,0
cg80,chr22:351505,375436,chr5:92649,0.507,0.617,0.371,0.868,0.66,0.126,0.606,0.016,0.268,0.296,AT,AA,AA,TT,AA,TA,TT,TA,TA,AT,AA,TT,TT,AT,AA,AT,TT,AT,AA,AA,1,0,0,1,1,0,1,1,1,1,1,0,1,0,0,0,1,0,1,1
cg81,chr8:441228,246495,chr9:591809,0.196,0.52,0.923,0.675,0.651,0.01,0.52,0.361,0.3,0.947,CA,CC,AC,AA,CA,AC,CA,AC,CC,CC,AA,CC,AC,CC,CC,CC,AC,AA,AA,CA,1,0,1,0,0,0,0,1,0,1,0,0,0,1,1,1,1,1,1,0
cg82,chr6:703900,143085,chr12:330459,0.154,0.985,0.078,0.581,0.656,0.721,0.255,0.939,0.043,0.147,GG,AG,AG,AA,AG,GG,GA,GA,AG,GG,GG,GA,AA,AA,AA,GA,GG,GG,GG,GG,1,0,1,1,0,0,0,0,0,0,0,0,1,0,0,0,1,0,0,1
cg83,chr16:155987,469141,chr18:367008,0.336,0.793,0.474,0.098,0.593,0.858,0.611,0.371,0.866,0.819,TG,GT,GG,GT,GT,GG,TG,GG,TT,TT,GT,TG,TT,GT,TG,TG,TT,GT,GT,TG,0,1,0,1,0,1,0,0,0,0,0,1,0,0,0,0,1,0,0,1
cg84,chr15:109629,312359,chr12:465859,0.712,0.67,0.678,0.599,0.399,0.275,0.732,0.107,0.149,0.624,CT,CT,CT,TT,CT,CC,TC,TT,TT,TC,TC,TT,CC,TC,TC,CC,TT,TC,TC,CT,1,1,1,1,0,1,0,1,0,1,1,1,0,1,1,1,0,0,0,0
cg85,chr19:437419,616122,chr14:952414,0.674,0.776,0.441,0.157,0.332,0.028,0.025,0.065,0.733,0.648,AA,AA,AG,GG,AG,GG,AG,AA,AG,AA,AA,AG,GG,GG,AG,AA,AA,GA,AG,GA,1,1,1,1,1,0,0,1,0,1,0,0,1,0,1,0,0,0,0,0
cg86,chr7:717778,214002,chr3:637641,0.159,0.837,0.507,0.777,0.898,0.944,0.577,0.099,0.676,0.967,AA,TA,TA,AT,TA,AT,TT,TA,AT,TA,TT,TA,AA,TT,TA,AA,AT,AT,AA,TA,0,1,0,1,1,1,0,1,1,1,0,1,0,0,0,0,1,0,0,1
cg87,chr18:922466,771675,chr9:493456,0.577,0.749,0.501,0.855,0.01,0.144,0.548,0.109,0.446,0.297,GC,GG,GG,CC,CC,GC,CG,GG,CG,CG,CG,GC,GC,CC,CC,CG,GC,GG,GC,GC,0,1,1,1,0,1,1,1,1,0,1,1,0,0,1,1,0,1,0,0
cg88,chr16:148070,458105,chr22:942273,0.488,0.119,0.3,0.04,0.619,0.848,0.71,0.12,0.457,0.919,GG,GA,AA,AA,GG,AA,GA,AA,GG,AA,GG,GG,GG,GG,AA,AA,GA,GA,GG,AG,1,1,1,0,0,0,0,1,1,0,1,0,1,1,1,1,0,1,0,1
cg89,chr22:670181,607506,chr11:183351,0.822,0.803,0.247,0.966,0.723,0.479,0.995,0.678,0.784,0.656,GG,GA,AA,GA,AG,AG,GG,AA,GA,AA,AG,GA,GA,AG,GG,AG,GG,GG,AG,AA,0,0,1,0,1,0,0,1,1,0,1,0,0,0,1,0,1,1,1,0
cg90,chr3:767791,61053,chr14:206117,0.458,0.174,0.356,0.428,0.303,0.573,0.324,0.977,0.205,0.242,CA,CC,CA,AC,CC,CA,AC,CC,CA,AA,CA,CA,AC,CA,CA,AC,AC,AC,AC,AA,1,0,0,1,1,1,0,0,0,0,0,0,0,0,1,0,1,1,1,1
cg91,chr13:874432,279963,chr6:539635,0.052,0.695,0.031,0.51,0.169,0.739,0.481,0.944,0.308,0.126,TT,GG,GT,TG,TG,GG,TG,GG,GG,TT,TT,GG,TG,GG,TG,TT,TT,TG,TT,GG,0,1,1,0,1,0,1,1,0,1,0,1,0,1,1,1,0,0,1,1
cg92,chr8:224058,319253,chr17:172638,0.804,0.606,0.399,0.117,0.338,0.798,0.125,0.72,0.297,0.908,TT,TT,TT,GG,TG,GG,GT,GT,GT,GT,GT,TT,GT,GT,GG,GG,GT,GT,GT,GG,1,1,0,0,1,0,1,1,1,1,1,1,1,0,0,0,0,1,0,1
cg93,chr3:971888,743234,chr8:763937,0.512,0.74,0.44,0.378,0.345,0.608,0.266,0.51,0.09,0.644,GC,CG,CG,GC,CG,CC,CC,CG,GG,CC,CC,CG,GG,GC,CG,CG,GG,CC,CG,CC,0,0,1,1,0,1,1,0,1,1,0,1,1,1,1,1,0,0,0,0
cg94,chr2:573161,197835,chr10:601199,0.719,0.795,0.606,0.318,0.36,0.465,0.339,0.907,0.1,0.282,AG,AA,AA,AA,GG,GA,AG,AA,AA,AG,GA,AG,AA,GA,AA,AG,AG,GA,GA,AG,0,1,0,1,1,0,0,0,1,1,1,0,0,1,0,0,1,0,0,0
cg95,chr8:985937,678539,chr18:452486,0.754,0.229,0.894,0.925,0.718,0.654,0.327,0.979,0.03,0.2,GG,GG,GG,GC,GC,CG,CG,GG,CG,GC,CC,GG,GC,CC,CG,CG,CG,GC,GG,GG,0,0,1,0,0,1,1,1,0,0,0,0,1,0,0,1,1,0,1,0
cg96,chr20:861123,974964,chr11:389245,0.399,0.362,0.733,0.839,0.665,0.95,0.687,0.373,0.126,0.754,AC,AA,AC,CC,CC,CA,CC,AC,AC,CC,AC,CC,CA,AC,CC,CA,CC,CC,AC,CC,1,0,0,1,0,0,0,0,0,1,1,0,1,1,0,0,1,0,1,0
cg97,chr22:174924,401082,chr21:501703,0.901,0.769,0.199,0.134,0.132,0.18,0.466,0.793,0.508,0.512,AT,AA,AT,TA,TT,AT,AA,AT,AA,AT,AA,TA,AA,AA,AT,TA,TT,TT,TA,AT,1,0,0,0,1,1,0,1,0,1,1,1,1,0,0,1,1,1,1,0
cg98,chr19:383905,127649,chr18:860218,0.779,0.688,0.103,0.339,0.232,0.153,0.672,0.269,0.945,0.305,GG,GA,AA,GA,AA,AG,AG,AA,AA,AG,GG,GG,GG,GA,AG,AA,GA,GA,GG,AG,0,1,1,1,0,1,0,1,0,1,0,0,1,0,0,1,1,0,0,0
cg99,chr22:820089,780624,chr15:934241,0.875,0.07,0.483,0.93,0.765,0.536,0.678,0.621,0.92,0.302,AC,AC,CA,CA,CC,AC,AC,CC,AA,AC,CA,AA,CC,AA,AA,AA,AC,AC,CA,AC,0,1,1,1,0,0,1,1,1,0,0,1,0,0,0,0,1,0,0,1
cg100,chr3:552035,295307,chr6:896786,0.045,0.577,0.78,0.805,0.99,0.723,0.642,0.231,0.919,0.536,CT,TT,CT,TT,CC,TC,TC,TT,TT,TC,TT,TT,TT,CT,TT,TC,CT,TC,CT,CC,0,1,1,1,0,0,0,1,1,0,1,0,1,0,0,0,0,0,0,0
